{
  "mean": {
    "lumos_total_log": 7.939422130584717,
    "lumos_clear_log": 6.94326639175415,
    "lumos_nir_clear_ratio": 0.3699270188808441,
    "lumos_clear_std_ratio": 0.15990212559700012,
    "lumos_visible_std_ratio": 0.18534454703330994,
    "lumos_blue_red_ratio": 0.3752825856208801,
    "lumos_green_red_ratio": 0.9208484292030334,
    "lumos_dark_fraction": 0.09613116830587387,
    "lumos_saturation_fraction": 0.0,
    "lumos_f1_clear_ratio": 0.0745292454957962,
    "lumos_f2_clear_ratio": 0.0982825830578804,
    "lumos_f3_clear_ratio": 0.13764749467372894,
    "lumos_f4_clear_ratio": 0.15062591433525085,
    "lumos_f5_clear_ratio": 0.28126874566078186,
    "lumos_f6_clear_ratio": 0.30743804574012756,
    "lumos_f7_clear_ratio": 0.19300320744514465,
    "lumos_f8_clear_ratio": 0.24741177260875702,
    "flicker_sensor_off_fraction": 0.0015333807095885277,
    "flicker_none_fraction": 0.8973815441131592,
    "flicker_100hz_fraction": 0.10108516365289688,
    "flicker_120hz_fraction": 0.0,
    "flicker_detected_fraction": 0.10108516365289688,
    "flicker_unknown_fraction": 0.0,
    "audio_rms": 0.022316953167319298,
    "audio_log_energy": 0.001015294692479074,
    "audio_abs_mean": 0.01642564870417118,
    "audio_std": 0.022316740825772285,
    "audio_peak": 0.13881075382232666,
    "audio_crest_factor": 6.434532165527344,
    "audio_silence_fraction": 0.3416309952735901,
    "audio_zero_crossing_rate": 0.07043544948101044,
    "audio_low_high_ratio": 57.78820037841797,
    "audio_spectral_centroid_hz": 1233.0755615234375,
    "audio_low_band_log": 7.964836120605469,
    "audio_low_band_ratio": 0.4781782925128937,
    "audio_mid_band_log": 7.821324348449707,
    "audio_mid_band_ratio": 0.41266319155693054,
    "audio_high_band_log": 5.914401531219482,
    "audio_high_band_ratio": 0.09935736656188965,
    "audio_very_high_band_log": 3.0458638668060303,
    "audio_very_high_band_ratio": 0.00980127789080143
  },
  "std": {
    "lumos_total_log": 2.6695849895477295,
    "lumos_clear_log": 2.502551317214966,
    "lumos_nir_clear_ratio": 0.3037041127681732,
    "lumos_clear_std_ratio": 0.21906302869319916,
    "lumos_visible_std_ratio": 0.23846136033535004,
    "lumos_blue_red_ratio": 0.24792635440826416,
    "lumos_green_red_ratio": 0.4261011779308319,
    "lumos_dark_fraction": 0.29432615637779236,
    "lumos_saturation_fraction": 1.0,
    "lumos_f1_clear_ratio": 0.08666592091321945,
    "lumos_f2_clear_ratio": 0.08539849519729614,
    "lumos_f3_clear_ratio": 0.10544707626104355,
    "lumos_f4_clear_ratio": 0.1146107167005539,
    "lumos_f5_clear_ratio": 0.17242997884750366,
    "lumos_f6_clear_ratio": 0.17859907448291779,
    "lumos_f7_clear_ratio": 0.1400880366563797,
    "lumos_f8_clear_ratio": 0.16731619834899902,
    "flicker_sensor_off_fraction": 0.0129624605178833,
    "flicker_none_fraction": 0.28703659772872925,
    "flicker_100hz_fraction": 0.2872377634048462,
    "flicker_120hz_fraction": 1.0,
    "flicker_detected_fraction": 0.2872377634048462,
    "flicker_unknown_fraction": 1.0,
    "audio_rms": 0.022891614586114883,
    "audio_log_energy": 0.003511583898216486,
    "audio_abs_mean": 0.016764722764492035,
    "audio_std": 0.02289140596985817,
    "audio_peak": 0.14112776517868042,
    "audio_crest_factor": 3.2450809478759766,
    "audio_silence_fraction": 0.2054709941148758,
    "audio_zero_crossing_rate": 0.05280858278274536,
    "audio_low_high_ratio": 182.07711791992188,
    "audio_spectral_centroid_hz": 492.8906555175781,
    "audio_low_band_log": 1.6258125305175781,
    "audio_low_band_ratio": 0.2565246522426605,
    "audio_mid_band_log": 1.7913116216659546,
    "audio_mid_band_ratio": 0.21594153344631195,
    "audio_high_band_log": 2.0689079761505127,
    "audio_high_band_ratio": 0.11522950232028961,
    "audio_very_high_band_log": 1.9499942064285278,
    "audio_very_high_band_ratio": 0.024514637887477875
  }
}